of_variable,is_type,study_id
air_temperature,unit,Binkley1999
air_temperature,value,Binkley1999
carbon_organic,mean,Binkley1999
carbon_organic,method,Binkley1999
carbon_organic,standard_error,Binkley1999
carbon_organic,unit,Binkley1999
citation,value,Binkley1999
depth,bottom,Binkley1999
depth,method,Binkley1999
depth,top,Binkley1999
depth,unit,Binkley1999
doi,value,Binkley1999
elevation,unit,Binkley1999
elevation,value,Binkley1999
geolocation,latitude,Binkley1999
geolocation,longitude,Binkley1999
geolocation,unit,Binkley1999
initial_planting,value,Binkley1999
land_use,description,Binkley1999
land_use,duration,Binkley1999
land_use,time_period,Binkley1999
observation_time,value,Binkley1999
rainfall,max,Binkley1999
rainfall,min,Binkley1999
rainfall,unit,Binkley1999
region,site,Binkley1999
region,state,Binkley1999
soil_class,value,Binkley1999
soil_sample_prep,method,Binkley1999
soil_sampling,description,Binkley1999
stand_age,method,Binkley1999
stand_age,unit,Binkley1999
stand_age,value,Binkley1999
stand_type,value,Binkley1999
