"Figure 1. Weight loss as a percentage of initial weight for *Acacia caven* and *Lolium multiflorum* in a degraded ecosystem (De), typical ecosystem (Pd), and well preserved ecosystem (Wp). Vertical bars indicate standard deviation; *n* = 10; (p < 0.05).",,,,,,
X Value,Y Value,Upper Bound Y Value,X Axis Label,Y Axis Label,Ecosystem Degredation Level,Figure
0,100,NA,Time(days),Mass loss (% initial DW),Wp 2,A
60,70.16,72.31,Time(days),Mass loss (% initial DW),Wp 2,A
120,68.22,69.93,Time(days),Mass loss (% initial DW),Wp 2,A
180,65.37,67.3,Time(days),Mass loss (% initial DW),Wp 2,A
250,70.97,72.52,Time(days),Mass loss (% initial DW),Wp 2,A
330,73.32,74.94,Time(days),Mass loss (% initial DW),Wp 2,A
420,62.7,66.88,Time(days),Mass loss (% initial DW),Wp 2,A
0,100,NA,Time(days),Mass loss (% initial DW),Wp 1,A
60,87.73,88.52,Time(days),Mass loss (% initial DW),Wp 1,A
120,85.59,87.11,Time(days),Mass loss (% initial DW),Wp 1,A
180,84.15,87.11,Time(days),Mass loss (% initial DW),Wp 1,A
250,81.32,85.15,Time(days),Mass loss (% initial DW),Wp 1,A
330,81.27,83.53,Time(days),Mass loss (% initial DW),Wp 1,A
420,66.17,67.13,Time(days),Mass loss (% initial DW),Wp 1,A
0,100,NA,Time(days),Mass loss (% initial DW),Pd 2,A
60,83.67,85.34,Time(days),Mass loss (% initial DW),Pd 2,A
120,77.3,80.35,Time(days),Mass loss (% initial DW),Pd 2,A
180,75.68,77.06,Time(days),Mass loss (% initial DW),Pd 2,A
250,75.17,77.09,Time(days),Mass loss (% initial DW),Pd 2,A
330,74.47,76.3,Time(days),Mass loss (% initial DW),Pd 2,A
420,69.36,70.35,Time(days),Mass loss (% initial DW),Pd 2,A
0,100,NA,Time(days),Mass loss (% initial DW),Pd 1,A
60,90.42,91.81,Time(days),Mass loss (% initial DW),Pd 1,A
120,89.32,90.9,Time(days),Mass loss (% initial DW),Pd 1,A
180,84.38,86.01,Time(days),Mass loss (% initial DW),Pd 1,A
250,83.5,84.83,Time(days),Mass loss (% initial DW),Pd 1,A
330,76.88,78.11,Time(days),Mass loss (% initial DW),Pd 1,A
420,68.22,70.2,Time(days),Mass loss (% initial DW),Pd 1,A
0,100,NA,Time(days),Mass loss (% initial DW),De 2,A
60,92.63,94.3,Time(days),Mass loss (% initial DW),De 2,A
120,91.32,93.41,Time(days),Mass loss (% initial DW),De 2,A
180,88.32,91.37,Time(days),Mass loss (% initial DW),De 2,A
250,84.42,87.25,Time(days),Mass loss (% initial DW),De 2,A
330,79.13,81.84,Time(days),Mass loss (% initial DW),De 2,A
420,73.57,78.61,Time(days),Mass loss (% initial DW),De 2,A
0,100,NA,Time(days),Mass loss (% initial DW),De 1,A
60,83.55,85.3,Time(days),Mass loss (% initial DW),De 1,A
120,80.62,83.69,Time(days),Mass loss (% initial DW),De 1,A
180,79.06,81.03,Time(days),Mass loss (% initial DW),De 1,A
250,75.27,77.06,Time(days),Mass loss (% initial DW),De 1,A
330,74.6,76.1,Time(days),Mass loss (% initial DW),De 1,A
420,62.84,66.9,Time(days),Mass loss (% initial DW),De 1,A
0,100,NA,Time(days),Mass loss (% initial DW),Wp 2,B
60,65.01,66.93,Time(days),Mass loss (% initial DW),Wp 2,B
120,61.56,63.02,Time(days),Mass loss (% initial DW),Wp 2,B
180,57.13,58.91,Time(days),Mass loss (% initial DW),Wp 2,B
250,51.53,53.07,Time(days),Mass loss (% initial DW),Wp 2,B
330,50.46,52.25,Time(days),Mass loss (% initial DW),Wp 2,B
420,41.19,43.39,Time(days),Mass loss (% initial DW),Wp 2,B
0,100,NA,Time(days),Mass loss (% initial DW),Wp 1,B
60,79.16,80.3,Time(days),Mass loss (% initial DW),Wp 1,B
120,75.85,77.09,Time(days),Mass loss (% initial DW),Wp 1,B
180,74.9,75.84,Time(days),Mass loss (% initial DW),Wp 1,B
250,68.17,69.22,Time(days),Mass loss (% initial DW),Wp 1,B
330,64.78,65.96,Time(days),Mass loss (% initial DW),Wp 1,B
420,55.56,58.04,Time(days),Mass loss (% initial DW),Wp 1,B
0,100,NA,Time(days),Mass loss (% initial DW),Pd 2,B
60,79.22,80.23,Time(days),Mass loss (% initial DW),Pd 2,B
120,66.69,67.93,Time(days),Mass loss (% initial DW),Pd 2,B
180,66.34,67.39,Time(days),Mass loss (% initial DW),Pd 2,B
250,64.06,64.96,Time(days),Mass loss (% initial DW),Pd 2,B
330,63.26,64.12,Time(days),Mass loss (% initial DW),Pd 2,B
420,50.84,52.43,Time(days),Mass loss (% initial DW),Pd 2,B
0,100,NA,Time(days),Mass loss (% initial DW),Pd 1,B
60,75.79,76.95,Time(days),Mass loss (% initial DW),Pd 1,B
120,74.63,75.06,Time(days),Mass loss (% initial DW),Pd 1,B
180,74.22,75.79,Time(days),Mass loss (% initial DW),Pd 1,B
250,66.14,66.9,Time(days),Mass loss (% initial DW),Pd 1,B
330,65.77,66.94,Time(days),Mass loss (% initial DW),Pd 1,B
420,63.86,65.42,Time(days),Mass loss (% initial DW),Pd 1,B
0,100,NA,Time(days),Mass loss (% initial DW),De 2,B
60,85.9,88.43,Time(days),Mass loss (% initial DW),De 2,B
120,85.38,87.07,Time(days),Mass loss (% initial DW),De 2,B
180,75.6,75.87,Time(days),Mass loss (% initial DW),De 2,B
250,72.85,74.84,Time(days),Mass loss (% initial DW),De 2,B
330,68.76,71.04,Time(days),Mass loss (% initial DW),De 2,B
420,64.05,66.62,Time(days),Mass loss (% initial DW),De 2,B
0,100,NA,Time(days),Mass loss (% initial DW),De 1,B
60,79.07,80.11,Time(days),Mass loss (% initial DW),De 1,B
120,75.83,77.02,Time(days),Mass loss (% initial DW),De 1,B
180,74.84,75.77,Time(days),Mass loss (% initial DW),De 1,B
250,73.06,74.9,Time(days),Mass loss (% initial DW),De 1,B
330,72.77,74.29,Time(days),Mass loss (% initial DW),De 1,B
420,61.98,62.75,Time(days),Mass loss (% initial DW),De 1,B
