"**Figure 3.** Observed mass loss for leaf litter (placed on the soil surface) and root litter (buried at 10 cm) compared with predicted mass loss (lines) using the CENTURY model. Observed data are for *Larrea* and *Prosopis* litter, which received natural rainfall (solid symbols) or subjected to summer drought (open symbols). Points are means of 6-8 litterbags sampled at each date with vertical bars showing ±1 S.E.",,,,,,
x,y,x unit,y unit,Treatment,Subgraph and Litter Type,Standard Error
0,98.8,Time (months),Litter Mass Remaining (%),Control,(a) *Larrea* Leaf,0
6,75.3,Time (months),Litter Mass Remaining (%),Control,(a) *Larrea* Leaf,2.3
11,59,Time (months),Litter Mass Remaining (%),Control,(a) *Larrea* Leaf,0
18,55.5,Time (months),Litter Mass Remaining (%),Control,(a) *Larrea* Leaf,1.9
20,46.2,Time (months),Litter Mass Remaining (%),Control,(a) *Larrea* Leaf,2.6
29,38.1,Time (months),Litter Mass Remaining (%),Control,(a) *Larrea* Leaf,5.2
41,25.5,Time (months),Litter Mass Remaining (%),Control,(a) *Larrea* Leaf,6.9
0,98.8,Time (months),Litter Mass Remaining (%),Drought,(a) *Larrea* Leaf,0
6,80.0,Time (months),Litter Mass Remaining (%),Drought,(a) *Larrea* Leaf,0
11,57.8,Time (months),Litter Mass Remaining (%),Drought,(a) *Larrea* Leaf,0
18,57.0,Time (months),Litter Mass Remaining (%),Drought,(a) *Larrea* Leaf,2.4
20,47.9,Time (months),Litter Mass Remaining (%),Drought,(a) *Larrea* Leaf,3.3
29,47.1,Time (months),Litter Mass Remaining (%),Drought,(a) *Larrea* Leaf,2.4
41,38.1,Time (months),Litter Mass Remaining (%),Drought,(a) *Larrea* Leaf,7.1
0,98.4,Time (months),Litter Mass Remaining (%),Control,(b) *Prosopis* Leaf,0
6,57.7,Time (months),Litter Mass Remaining (%),Control,(b) *Prosopis* Leaf,3.2
11,50.4,Time (months),Litter Mass Remaining (%),Control,(b) *Prosopis* Leaf,1.9
18,49.8,Time (months),Litter Mass Remaining (%),Control,(b) *Prosopis* Leaf,2.1
20,42.8,Time (months),Litter Mass Remaining (%),Control,(b) *Prosopis* Leaf,0
29,41.2,Time (months),Litter Mass Remaining (%),Control,(b) *Prosopis* Leaf,2.0
41,40.8,Time (months),Litter Mass Remaining (%),Control,(b) *Prosopis* Leaf,2.1
0,98.4,Time (months),Litter Mass Remaining (%),Drought,(b) *Prosopis* Leaf,0
6,60.6,Time (months),Litter Mass Remaining (%),Drought,(b) *Prosopis* Leaf,0
11,53.6,Time (months),Litter Mass Remaining (%),Drought,(b) *Prosopis* Leaf,2.7
18,53.1,Time (months),Litter Mass Remaining (%),Drought,(b) *Prosopis* Leaf,0
20,49.1,Time (months),Litter Mass Remaining (%),Drought,(b) *Prosopis* Leaf,2.1
29,46.6,Time (months),Litter Mass Remaining (%),Drought,(b) *Prosopis* Leaf,0.3
41,50.3,Time (months),Litter Mass Remaining (%),Drought,(b) *Prosopis* Leaf,2.4
0,99.8,Time (months),Litter Mass Remaining (%),Control,(c) *Larrea* Root,0
6,83.5,Time (months),Litter Mass Remaining (%),Control,(c) *Larrea* Root,0
11,74.5,Time (months),Litter Mass Remaining (%),Control,(c) *Larrea* Root,3.2
18,75.3,Time (months),Litter Mass Remaining (%),Control,(c) *Larrea* Root,4.6
20,73.1,Time (months),Litter Mass Remaining (%),Control,(c) *Larrea* Root,2.1
29,72.2,Time (months),Litter Mass Remaining (%),Control,(c) *Larrea* Root,3.5
41,64.4,Time (months),Litter Mass Remaining (%),Control,(c) *Larrea* Root,4.3
0,99.0,Time (months),Litter Mass Remaining (%),Drought,(c) *Larrea* Root,0
6,85.4,Time (months),Litter Mass Remaining (%),Drought,(c) *Larrea* Root,0
11,83.7,Time (months),Litter Mass Remaining (%),Drought,(c) *Larrea* Root,0
18,82.0,Time (months),Litter Mass Remaining (%),Drought,(c) *Larrea* Root,0
20,82.4,Time (months),Litter Mass Remaining (%),Drought,(c) *Larrea* Root,0
29,78.7,Time (months),Litter Mass Remaining (%),Drought,(c) *Larrea* Root,0
41,76.9,Time (months),Litter Mass Remaining (%),Drought,(c) *Larrea* Root,2.4
0,99.0,Time (months),Litter Mass Remaining (%),Control,(d) *Prosopis* Root,0
6,82.2,Time (months),Litter Mass Remaining (%),Control,(d) *Prosopis* Root,0
11,75.3,Time (months),Litter Mass Remaining (%),Control,(d) *Prosopis* Root,2.2
18,65.0,Time (months),Litter Mass Remaining (%),Control,(d) *Prosopis* Root,2.6
20,61.3,Time (months),Litter Mass Remaining (%),Control,(d) *Prosopis* Root,1.7
29,60.7,Time (months),Litter Mass Remaining (%),Control,(d) *Prosopis* Root,2.9
41,66.4,Time (months),Litter Mass Remaining (%),Control,(d) *Prosopis* Root,2.1
0,99.3,Time (months),Litter Mass Remaining (%),Drought,(d) *Prosopis* Root,0
6,82.9,Time (months),Litter Mass Remaining (%),Drought,(d) *Prosopis* Root,0
11,79.1,Time (months),Litter Mass Remaining (%),Drought,(d) *Prosopis* Root,0
18,72.9,Time (months),Litter Mass Remaining (%),Drought,(d) *Prosopis* Root,2.1
20,70.6,Time (months),Litter Mass Remaining (%),Drought,(d) *Prosopis* Root,1.6
29,70.1,Time (months),Litter Mass Remaining (%),Drought,(d) *Prosopis* Root,0
41,68.2,Time (months),Litter Mass Remaining (%),Drought,(d) *Prosopis* Root,2.2
